userId,recommended_movies_str
"1,""The Big Bus, Victory (a.k.a. Escape to Victory), Seve, Saving Face, Come and See (Idi i smotri)"""
"2,""The Jinx: The Life and Deaths of Robert Durst, Mulholland Dr., Saving Face, Louis C.K.: Shameless, Reign Over Me"""
"3,""Troll 2, Alien Contamination, Galaxy of Terror (Quest), Death Race 2000, Saturn 3"""
"4,""Buffalo '66 (a.k.a. Buffalo 66), Come and See (Idi i smotri), Match Factory Girl, The (Tulitikkutehtaan tyttï¿½ï¿½), Fury, World of Tomo"""
"5,""Rivers and Tides, Gigantic (A Tale of Two Johns), The Big Bus, Victory (a.k.a. Escape to Victory), Seve"""
"6,""Glory Road, Hello, Dolly!, Last Detail, The, Thief, Jezebel"""
"7,""The Big Bus, Victory (a.k.a. Escape to Victory), Seve, Come and See (Idi i smotri), Producers, The"""
"8,""Rivers and Tides, It Happened One Night, Wild Tales, Best of Youth, The (La meglio gioventï¿½ï¿½), Play Time (a.k.a. Playt"""
"9,""Once, Grand Day Out with Wallace and Gromit, A, Visitor, The, Frozen River, Come and See (Idi i smotri)"""
"10,""Melancholia, Snow Dogs, Ghost Town, First Daughter, Ooops! Noah is Gone..."""
"11,""Last Detail, The, Charlie Brown Christmas, A, Play Time (a.k.a. Playtime), Three Billboards Outside Ebbing, Missouri, Mulholland Dr."""
"12,""Last Detail, The, Three Billboards Outside Ebbing, Missouri, Saving Face, Adam's Rib, 12 Angry Men"""
"13,""Mulholland Dr., Waydowntown, The Artist, Charlie Brown Christmas, A, Game of Death"""
"14,""Last Detail, The, Jackass 2.5, Three Billboards Outside Ebbing, Missouri, Come and See (Idi i smotri), Dead Alive (Braindead)"""
"15,""Split, Charlie Brown Christmas, A, Patton, 8 1/2 (8ï¿½ï¿½), Susp"""
"16,""Come and See (Idi i smotri), Mulholland Dr., Saving Face, The Artist, Jetï¿½ï¿½e"""
"17,""Mulholland Dr., Saving Face, Play Time (a.k.a. Playtime), Summer's Tale, A (Conte d'ï¿½ï¿½tï¿½ï¿½), Woman Under the Infl"""
"18,""Mulholland Dr., Saving Face, Last Detail, The, Zeitgeist: Moving Forward, Connections"""
"19,""Saving Face, The Artist, Mulholland Dr., Come and See (Idi i smotri), Fury"""
"20,""Rivers and Tides, Gigantic (A Tale of Two Johns), Submarine, Wet Hot American Summer, Cinema Paradiso (Nuovo cinema Paradiso)"""
"21,""Ivan's Childhood (a.k.a. My Name is Ivan) (Ivanovo detstvo), Waydowntown, Louis C.K.: Chewed Up, She's Out of My League, Taxi 2"""
"22,""Magnum Force, Titanic, Ted 2, Passion Fish, Gods Must Be Crazy, The"""
"23,""The Artist, Come and See (Idi i smotri), Dragon Ball Z: The History of Trunks (Doragon bï¿½ï¿½ru Z: Zetsubï¿½ï¿½ e no hankï¿½ï¿½!! Nokosareta chï¿½ï¿½ senshi - Gohan to Torankusu), Mulholland"""
"24,""Saving Face, Mulholland Dr., Zeitgeist: Moving Forward, Connections, Summer's Tale, A (Conte d'ï¿½ï¿½"""
"25,""Saving Face, Last Detail, The, Zeitgeist: Moving Forward, Connections, Summer's Tale, A (Conte d'ï¿½ï¿½"""
"26,""Mulholland Dr., Come and See (Idi i smotri), Saving Face, Last Detail, The, The Big Bus"""
"27,""Wallace & Gromit: The Best of Aardman Animation, Glory Road, U2: Rattle and Hum, Thief, Wolfman, The"""
"28,""Once, Dune, Visitor, The, Frozen River, Saving Face"""
"29,""Last Detail, The, Mulholland Dr., Saving Face, Woman Under the Influence, A, Zeitgeist: Moving Forward"""
"30,""Submarine, Saving Face, North & South, Day of the Doctor, The, Rivers and Tides"""
"31,""Louis C.K.: Shameless, Saving Face, Dead Alive (Braindead), Hello, Dolly!, Louis C.K.: Chewed Up"""
"32,""The Artist, Mulholland Dr., Saving Face, Last Detail, The, Come and See (Idi i smotri)"""
"33,""Come and See (Idi i smotri), The Big Bus, Seve, Victory (a.k.a. Escape to Victory), Hustler, The"""
"34,""Booty Call, Dune, Visitor, The, Frozen River, Once"""
"35,""Last Detail, The, Hamlet, Three Billboards Outside Ebbing, Missouri, Trial, The (Procï¿½ï¿½s, Le), Chungking Express (Chung Hing sam """
"36,""Louis C.K.: Shameless, Mulholland Dr., Saving Face, Louis C.K.: Chewed Up, Empire Records"""
"37,""Truly, Madly, Deeply, Dune, Booty Call, Man Who Would Be King, The, Outlaw Josey Wales, The"""
"38,""Schindler's List, Patton, Hamlet, Dangerous Beauty, The Big Bus"""
"39,""Kung Fu Hustle (Gong fu), Yojimbo, Mulholland Dr., Once, Suspiria"""
"40,""Last Detail, The, The Artist, Seventh Seal, The (Sjunde inseglet, Det), Funny Games U.S., Come and See (Idi i smotri)"""
"41,""Truly, Madly, Deeply, Breaking the Waves, Samouraï¿½ï¿½, Le (Godson, The), It Happened One Night, Lady """
"42,""Play Time (a.k.a. Playtime), Battleship Potemkin, Last Detail, The, Zeitgeist: Moving Forward, Connections"""
"43,""Come and See (Idi i smotri), The Big Bus, Victory (a.k.a. Escape to Victory), Seve, Hello, Dolly!"""
"44,""Come and See (Idi i smotri), Trekkies, Truly, Madly, Deeply, Jetï¿½ï¿½e, La, Enemy """
"45,""Play Time (a.k.a. Playtime), Zeitgeist: Moving Forward, Connections, Summer's Tale, A (Conte d'ï¿½ï¿½tï¿½ï¿½), Woman Under the Infl"""
"46,""Last Detail, The, Adam's Rib, Saving Face, Dangerous Beauty, 12 Angry Men"""
"47,""Magnum Force, Half Nelson, Reign Over Me, Unforgiven, The, Three Billboards Outside Ebbing, Missouri"""
"48,""Play Time (a.k.a. Playtime), Summer's Tale, A (Conte d'ï¿½ï¿½tï¿½ï¿½), Woman Under the Influence, A, Zeitgeist: Moving Forward, Con"""
"49,""Saving Face, Mulholland Dr., Come and See (Idi i smotri), Last Detail, The, Connections"""
"50,""Dragon Ball Z: The History of Trunks (Doragon bï¿½ï¿½ru Z: Zetsubï¿½ï¿½ e no hankï¿½ï¿½!! Nokosareta chï¿½ï¿½ senshi - Gohan to Torankusu), Stalker, Holy Mountain, The (Montaï¿½ï¿½a sagrada, La), Hustler, The, Nausicaï¿½ï¿½ of the Valley of the Wind (K"""
"51,""Once, Saving Face, Mulholland Dr., Come and See (Idi i smotri), Cheech and Chong's Up in Smoke"""
"52,""Three Billboards Outside Ebbing, Missouri, Saving Face, Mulholland Dr., Zeitgeist: Moving Forward, Connections"""
"53,""Saving Face, Woman Under the Influence, A, Zeitgeist: Moving Forward, Connections, Summer's Tale, A (Conte d'ï¿½ï¿½"""
"54,""Saving Face, Last Detail, The, Adam's Rib, Mulholland Dr., Come and See (Idi i smotri)"""
"55,""Waydowntown, Emma, Millennium Actress (Sennen joyï¿½ï¿½), Once, Transfor"""
"56,""Play Time (a.k.a. Playtime), Saving Face, Ivan's Childhood (a.k.a. My Name is Ivan) (Ivanovo detstvo), Zeitgeist: Moving Forward, Connections"""
"57,""Come and See (Idi i smotri), Jetï¿½ï¿½e, La, Mulholland Dr., Dragon Ball Z: The History of Trunks (Doragon bï¿½ï¿½ru Z: Zetsubï¿½ï¿½ e no hankï¿½ï¿½!! Nokosareta chï¿½ï¿½ senshi - Gohan to Tor"""
"58,""Saving Face, Adam's Rib, Last Detail, The, Guess Who's Coming to Dinner, Submarine"""
"59,""The Artist, Autumn Sonata (Hï¿½ï¿½stsonaten), Wallace & Gromit: The Best of Aardman Animation, Last Detail, The, Stunt Man,"""
"60,""Last Detail, The, Saving Face, Zeitgeist: Moving Forward, Connections, Summer's Tale, A (Conte d'ï¿½ï¿½"""
"61,""Come and See (Idi i smotri), Mulholland Dr., Jetï¿½ï¿½e, La, Dragon Ball Z: The History of Trunks (Doragon bï¿½ï¿½ru Z: Zetsubï¿½ï¿½ e no hankï¿½ï¿½!! Nokosareta chï¿½ï¿½ senshi - Gohan to Tora"""
"62,""Play Time (a.k.a. Playtime), Last Detail, The, Mulholland Dr., Summer's Tale, A (Conte d'ï¿½ï¿½tï¿½ï¿½), Woman Under the Infl"""
"63,""Mulholland Dr., Bill Hicks: Revelations, The Artist, Pierrot le fou, Jetï¿½ï¿½e"""
"64,""The Big Bus, Victory (a.k.a. Escape to Victory), Seve, Come and See (Idi i smotri), My Sassy Girl (Yeopgijeogin geunyeo)"""
"65,""Mulholland Dr., Play Time (a.k.a. Playtime), Three Billboards Outside Ebbing, Missouri, Saving Face, Zeitgeist: Moving Forward"""
"66,""Mulholland Dr., Wild Tales, Zeitgeist: Moving Forward, Connections, Summer's Tale, A (Conte d'ï¿½ï¿½"""
"67,""Louis C.K.: Chewed Up, Louis C.K.: Shameless, Last Detail, The, Ivan's Childhood (a.k.a. My Name is Ivan) (Ivanovo detstvo), Sherlock: The Abominable Bride"""
"68,""Waydowntown, Louis C.K.: Chewed Up, Saving Face, North & South, What's Your Number?"""
"69,""Saving Face, Last Detail, The, Mulholland Dr., Three Billboards Outside Ebbing, Missouri, Senna"""
"70,""Mulholland Dr., Come and See (Idi i smotri), Jetï¿½ï¿½e, La, Saving Face, Dragon Ball Z: The History of Trunks (Doragon bï¿½ï¿½ru Z: Zetsubï¿½ï¿½ e no hankï¿½ï¿½!! Nokosareta chï¿½ï¿½ senshi -"""
"71,""She's Out of My League, Glory Road, Set It Off, Doctor Who: The Doctor, the Widow and the Wardrobe, Day of the Doctor, The"""
"72,""Mulholland Dr., Saving Face, Zeitgeist: Moving Forward, Connections, Summer's Tale, A (Conte d'ï¿½ï¿½"""
"73,""Emma, Waydowntown, Rules of Attraction, The, Saving Face, Once"""
"74,""Mulholland Dr., The Artist, Come and See (Idi i smotri), Jetï¿½ï¿½e, La, Galli"""
"75,""Submarine, Play Time (a.k.a. Playtime), Day of the Doctor, The, Cinema Paradiso (Nuovo cinema Paradiso), Doctor Who: The Time of the Doctor"""
"76,""Saw VII 3D - The Final Chapter, Grand Illusion (La grande illusion), Suspiria, Millennium Actress (Sennen joyï¿½ï¿½), """
"77,""Senna, Rules of Attraction, The, Louis C.K.: Shameless, Sherlock: The Abominable Bride, Doctor Who: The Doctor, the Widow and the Wardrobe"""
"78,""Grand Day Out with Wallace and Gromit, A, Senna, Iron Monkey (Siu nin Wong Fei-hung ji: Tit Ma Lau), Game of Death, Terminator, The"""
"79,""Come and See (Idi i smotri), Jetï¿½ï¿½e, La, Saving Face, Mulholland Dr., The Big"""
"80,""Last Detail, The, Zeitgeist: Moving Forward, Connections, Summer's Tale, A (Conte d'ï¿½ï¿½tï¿½ï¿½), Woman Under the Infl"""
"81,""The Artist, Mulholland Dr., Paths of Glory, Dragon Ball Z: The History of Trunks (Doragon bï¿½ï¿½ru Z: Zetsubï¿½ï¿½ e no hankï¿½ï¿½!! Nokosareta chï¿½ï¿½ senshi - Gohan to Torankusu), Bill Hi"""
"82,""Waydowntown, Dune, Ivan's Childhood (a.k.a. My Name is Ivan) (Ivanovo detstvo), Goods: Live Hard, Sell Hard, The, Once"""
"83,""Play Time (a.k.a. Playtime), Hours, The, Jackass 2.5, Battlestar Galactica: Razor, Last Detail, The"""
"84,""Last Detail, The, Adam's Rib, Trial, The (Procï¿½ï¿½s, Le), Chungking Express (Chung Hing sam lam), Dallas Buyers """
"85,""Entertaining Angels: The Dorothy Day Story, Kissing Jessica Stein, Wallace & Gromit: The Best of Aardman Animation, Singin' in the Rain, Cheech and Chong's Up in Smoke"""
"86,""Saving Face, Come and See (Idi i smotri), North & South, Adam's Rib, The Big Bus"""
"87,""Saving Face, Adam's Rib, Lady Jane, Come and See (Idi i smotri), Mulholland Dr."""
"88,""Mulholland Dr., Dragon Ball Z: The History of Trunks (Doragon bï¿½ï¿½ru Z: Zetsubï¿½ï¿½ e no hankï¿½ï¿½!! Nokosareta chï¿½ï¿½ senshi - Gohan to Torankusu), Rivers and Tides, All Watched Over by Machines of Loving Grace, Neon Genesis Evangelion: The End of Evangelion (Shin seiki Evangelion Gekijï¿½ï¿½-ban: Air/M"""
"89,""Ooops! Noah is Gone..., Guy X, A Perfect Day, All Yours, Tenchi Muyï¿½ï¿½! In """
"90,""The Artist, Come and See (Idi i smotri), Jetï¿½ï¿½e, La, Captain Fantastic, Last Detail,"""
"91,""Mulholland Dr., Kung Fu Hustle (Gong fu), Once, Hustler, The, Come and See (Idi i smotri)"""
"92,""Saving Face, Louis C.K.: Shameless, Mulholland Dr., Louis C.K.: Chewed Up, Last Detail, The"""
"93,""Last Detail, The, Zeitgeist: Moving Forward, Connections, Summer's Tale, A (Conte d'ï¿½ï¿½tï¿½ï¿½), Woman Under the Infl"""
"94,""Senna, Inside Job, Sherlock: The Abominable Bride, Reign Over Me, Play Time (a.k.a. Playtime)"""
"95,""Mulholland Dr., Saving Face, Last Detail, The, Three Billboards Outside Ebbing, Missouri, Senna"""
"96,""Charlie Brown Christmas, A, Three Billboards Outside Ebbing, Missouri, Mulholland Dr., Swept Away (Travolti da un insolito destino nell'azzurro mare d'Agosto), Half Nelson"""
"97,""Waydowntown, Once, Saving Face, Zeitgeist: Moving Forward, Connections"""
"98,""Come and See (Idi i smotri), Trekkies, World of Tomorrow, The Big Bus, Seve"""
"99,""Reign Over Me, Three Billboards Outside Ebbing, Missouri, Wet Hot American Summer, My Sassy Girl (Yeopgijeogin geunyeo), Play Time (a.k.a. Playtime)"""
"100,""Last Detail, The, Saving Face, North & South, 12 Angry Men, Mr. Skeffington"""
"101,""Mulholland Dr., Stalker, Hours, The, Play Time (a.k.a. Playtime), Dragon Ball Z: The History of Trunks (Doragon bï¿½ï¿½ru Z: Zetsubï¿½ï¿½ e no hankï¿½ï¿½!! Nokosareta chï¿½ï¿½ senshi - Goh"""
"102,""Saving Face, Chungking Express (Chung Hing sam lam), Connections, Summer's Tale, A (Conte d'ï¿½ï¿½tï¿½ï¿½), Woman Under the Infl"""
"103,""Last Detail, The, Play Time (a.k.a. Playtime), Mulholland Dr., Summer's Tale, A (Conte d'ï¿½ï¿½tï¿½ï¿½), Woman Under the Infl"""
"104,""Saving Face, Last Detail, The, Adam's Rib, Wallace & Gromit: The Best of Aardman Animation, Guess Who's Coming to Dinner"""
"105,""Last Detail, The, Zeitgeist: Moving Forward, Connections, Summer's Tale, A (Conte d'ï¿½ï¿½tï¿½ï¿½), Woman Under the Infl"""
"106,""Submarine, Saving Face, Day of the Doctor, The, North & South, Rivers and Tides"""
"107,""Last Detail, The, Glory Road, Thief, Dangerous Beauty, Wallace & Gromit: The Best of Aardman Animation"""
"108,""Stranger Than Paradise, Submarine, The Jinx: The Life and Deaths of Robert Durst, Cinema Paradiso (Nuovo cinema Paradiso), My Sassy Girl (Yeopgijeogin geunyeo)"""
"109,""Last Detail, The, Play Time (a.k.a. Playtime), Zeitgeist: Moving Forward, Connections, Summer's Tale, A (Conte d'ï¿½ï¿½"""
"110,""Rivers and Tides, Come and See (Idi i smotri), Mulholland Dr., Jetï¿½ï¿½e, La, Wild T"""
"111,""Louis C.K.: Shameless, Louis C.K.: Chewed Up, Submarine, Tom Segura: Completely Normal, Tom Segura: Mostly Stories"""
"112,""Louis C.K.: Shameless, Rules of Attraction, The, Great Beauty, The (Grande Bellezza, La), Play Time (a.k.a. Playtime), Day of the Doctor, The"""
"113,""Captain Fantastic, Dallas Buyers Club, Dragon Ball Z the Movie: The Tree of Might (Doragon bï¿½ï¿½ru Z 3: Chikyï¿½ï¿½ marugoto chï¿½ï¿½ kessen), Best of Youth, The (La meglio gioventï¿½"""
"114,""Play Time (a.k.a. Playtime), Deathgasm, Reign Over Me, Joe Versus the Volcano, Akira"""
"115,""New World, The, Truly, Madly, Deeply, Enemy Mine, Visitor, The, Frozen River"""
"116,""Ivan's Childhood (a.k.a. My Name is Ivan) (Ivanovo detstvo), Center of the World, The, Glory Road, Taxi 2, Last Detail, The"""
"117,""Last Detail, The, Saving Face, The Big Bus, Seve, Victory (a.k.a. Escape to Victory)"""
"118,""Mulholland Dr., Senna, Kissing Jessica Stein, Dragon Ball Z: The History of Trunks (Doragon bï¿½ï¿½ru Z: Zetsubï¿½ï¿½ e no hankï¿½ï¿½!! Nokosareta chï¿½ï¿½ senshi - Gohan to Torankusu), Seventh Seal, The (Sjund"""
"119,""Last Detail, The, Waydowntown, Zeitgeist: Moving Forward, Connections, Summer's Tale, A (Conte d'ï¿½ï¿½"""
"120,""Split, Sweet Hereafter, The, 7th Voyage of Sinbad, The, Wild Tales, The Big Bus"""
"121,""Play Time (a.k.a. Playtime), Saving Face, Submarine, Zeitgeist: Moving Forward, Connections"""
"122,""Mulholland Dr., Saving Face, , Summer's Tale, A (Conte d'ï¿½ï¿½tï¿½ï¿½), Woman Under the Infl"""
"123,""Saving Face, Last Detail, The, Zeitgeist: Moving Forward, Connections, Summer's Tale, A (Conte d'ï¿½ï¿½"""
"124,""Come and See (Idi i smotri), Jetï¿½ï¿½e, La, The Big Bus, Seve, Victory (a.k.a. Escape to Vict"""
"125,""Last Detail, The, Mulholland Dr., Saving Face, Summer's Tale, A (Conte d'ï¿½ï¿½tï¿½ï¿½), Woman Under the Infl"""
"126,""Glory Road, How the Grinch Stole Christmas!, Walk to Remember, A, Thief, Magnum Force"""
"127,""Dead Alive (Braindead), Buffalo '66 (a.k.a. Buffalo 66), Come and See (Idi i smotri), Zed & Two Noughts, A, Match Factory Girl, The (Tulitikkutehtaan tyttï¿½"""
"128,""The Artist, Last Detail, The, Lady Jane, Guess Who's Coming to Dinner, Adam's Rib"""
"129,""Last Detail, The, Saving Face, Zeitgeist: Moving Forward, Connections, Summer's Tale, A (Conte d'ï¿½ï¿½"""
"130,""Ivan's Childhood (a.k.a. My Name is Ivan) (Ivanovo detstvo), Play Time (a.k.a. Playtime), Man Who Would Be King, The, Center of the World, The, Goods: Live Hard, Sell Hard, The"""
"131,""The Artist, Mulholland Dr., Come and See (Idi i smotri), Saving Face, Last Detail, The"""
"132,""Saving Face, Rivers and Tides, Adam's Rib, Mulholland Dr., Last Detail, The"""
"133,""The Big Bus, Seve, Victory (a.k.a. Escape to Victory), Saving Face, Gigantic (A Tale of Two Johns)"""
"134,""Play Time (a.k.a. Playtime), Last Detail, The, Zeitgeist: Moving Forward, Connections, Summer's Tale, A (Conte d'ï¿½ï¿½"""
"135,""Come and See (Idi i smotri), Mulholland Dr., Saving Face, My Sassy Girl (Yeopgijeogin geunyeo), Jetï¿½ï¿½e"""
"136,""Play Time (a.k.a. Playtime), Last Detail, The, Split, Presumed Innocent, 7th Voyage of Sinbad, The"""
"137,""Come and See (Idi i smotri), Jetï¿½ï¿½e, La, Mulholland Dr., Saving Face, World of Tomo"""
"138,""Come and See (Idi i smotri), Jetï¿½ï¿½e, La, World of Tomorrow, Funny Games U.S., Phantom of the Para"""
"139,""Saving Face, Wallace & Gromit: The Best of Aardman Animation, Waydowntown, North & South, Wallace & Gromit: A Close Shave"""
"140,""Last Detail, The, Thief, Saving Face, Glory Road, Play Time (a.k.a. Playtime)"""
"141,""Saving Face, Last Detail, The, North & South, Mulholland Dr., Come and See (Idi i smotri)"""
"142,""The Big Bus, Seve, Victory (a.k.a. Escape to Victory), Last Detail, The, Chungking Express (Chung Hing sam lam)"""
"143,""Pirate Radio, Glory Road, Center Stage, Young Adult, Wolfman, The"""
"144,""Come and See (Idi i smotri), Saving Face, Adam's Rib, The Big Bus, Victory (a.k.a. Escape to Victory)"""
"145,""Saving Face, Come and See (Idi i smotri), Last Detail, The, Rivers and Tides, Mulholland Dr."""
"146,""Come and See (Idi i smotri), 3-Iron (Bin-jip), Jetï¿½ï¿½e, La, Bullet in the Head, Truly, Madly, De"""
"147,""Troll 2, Kissing Jessica Stein, Fist of Legend (Jing wu ying xiong), Kung Fu Hustle (Gong fu), Fright Night"""
"148,""Waydowntown, Fast Food Nation, Last Detail, The, Saving Face, Now You See Me"""
"149,""Bad Lieutenant, Come and See (Idi i smotri), Adam's Rib, Three Billboards Outside Ebbing, Missouri, Jetï¿½ï¿½e"""
"150,""Last Detail, The, Mulholland Dr., Saving Face, Three Billboards Outside Ebbing, Missouri, Zeitgeist: Moving Forward"""
"151,""Ivan's Childhood (a.k.a. My Name is Ivan) (Ivanovo detstvo), Stranger Than Paradise, Play Time (a.k.a. Playtime), Dead Man, Dictator, The"""
"152,""Come and See (Idi i smotri), Mulholland Dr., Jetï¿½ï¿½e, La, Hustler, The, Wild T"""
"153,""Dragon Ball Z the Movie: The Tree of Might (Doragon bï¿½ï¿½ru Z 3: Chikyï¿½ï¿½ marugoto chï¿½ï¿½ kessen), The Artist, Klute, Wristcutters: A Love Story, Capta"""
"154,""Jetï¿½ï¿½e, La, Saving Face, Adam's Rib, Come and See (Idi i smotri), Mulholland"""
"155,""Ivan's Childhood (a.k.a. My Name is Ivan) (Ivanovo detstvo), Center of the World, The, Dune, Taxi 2, Waydowntown"""
"156,""The Artist, Mulholland Dr., Neon Genesis Evangelion: Death & Rebirth (Shin seiki Evangelion Gekijï¿½ï¿½-ban: Shito shinsei), My Man Godfrey, Dragon Ball Z: The History of Trunks (Doragon bï¿½ï¿½ru Z: Zetsubï¿½ï¿½ e no hankï¿½ï¿½!! Nokosareta chï¿½ï¿½ senshi -"""
"157,""Truly, Madly, Deeply, Mulholland Dr., Charlie Brown Christmas, A, I, the Jury, Millennium Actress (Sennen joyï¿½"""
"158,""Come and See (Idi i smotri), Mulholland Dr., Last Detail, The, Black Dynamite, Three Billboards Outside Ebbing, Missouri"""
"159,""The Wedding Ringer, Submarine, Stranger Than Paradise, The Interview, Doctor Who: The Time of the Doctor"""
"160,""Stalker, Captain Fantastic, My Man Godfrey, Separation, A (Jodaeiye Nader az Simin), Rivers and Tides"""
"161,""Submarine, Saving Face, Day of the Doctor, The, True Grit, The Big Bus"""
"162,""Last Detail, The, Adam's Rib, Saving Face, Guess Who's Coming to Dinner, North & South"""
"163,""The Artist, Win Win, Last Detail, The, Black Dynamite, Melancholia"""
"164,""Senna, Last Detail, The, Three Billboards Outside Ebbing, Missouri, Thief, Half Nelson"""
"165,""Saving Face, Mulholland Dr., North & South, Zeitgeist: Moving Forward, Connections"""
"166,""Saving Face, Mulholland Dr., Zeitgeist: Moving Forward, Connections, Summer's Tale, A (Conte d'ï¿½ï¿½"""
"167,""Saving Face, Once, Dune, Mulholland Dr., Submarine"""
"168,""Dragon Ball Z: The History of Trunks (Doragon bï¿½ï¿½ru Z: Zetsubï¿½ï¿½ e no hankï¿½ï¿½!! Nokosareta chï¿½ï¿½ senshi - Gohan to Torankusu), Mulholland Dr., Come and See (Idi i smotri), Stalker, """
"169,""Last Detail, The, Saving Face, Woman Under the Influence, A, Zeitgeist: Moving Forward, Connections"""
"170,""Last Detail, The, Wallace & Gromit: The Best of Aardman Animation, Saving Face, Summer's Tale, A (Conte d'ï¿½ï¿½tï¿½ï¿½), Woman Under the Infl"""
"171,""Come and See (Idi i smotri), Saving Face, Mulholland Dr., Last Detail, The, Jetï¿½ï¿½e"""
"172,""Saving Face, Wallace & Gromit: The Best of Aardman Animation, Come and See (Idi i smotri), Cinema Paradiso (Nuovo cinema Paradiso), The Big Bus"""
"173,""King and I, The, Pirate Radio, Sound of Music, The, Dying Young, Wolfman, The"""
"174,""Come and See (Idi i smotri), The Big Bus, Victory (a.k.a. Escape to Victory), Seve, Saving Face"""
"175,""How the Grinch Stole Christmas!, 12 Angry Men, Mr. Skeffington, Zed & Two Noughts, A, Come and See (Idi i smotri)"""
"176,""Play Time (a.k.a. Playtime), Last Detail, The, Zeitgeist: Moving Forward, Connections, Summer's Tale, A (Conte d'ï¿½ï¿½"""
"177,""12 Angry Men, Mr. Skeffington, Adam's Rib, Last Detail, The, Come and See (Idi i smotri)"""
"178,""Mulholland Dr., The Artist, Last Detail, The, Zeitgeist: Moving Forward, Connections"""
"179,""Last Detail, The, Connections, Summer's Tale, A (Conte d'ï¿½ï¿½tï¿½ï¿½), Woman Under the Influence, A, Zeitgeist: Moving"""
"180,""Rivers and Tides, Mulholland Dr., Play Time (a.k.a. Playtime), Reign Over Me, Three Billboards Outside Ebbing, Missouri"""
"181,""Glory Road, Magnum Force, Thief, Last Detail, The, 12 Angry Men"""
"182,""Open Hearts (Elsker dig for evigt), Trial, The (Procï¿½ï¿½s, Le), Chungking Express (Chung Hing sam lam), Autumn Sonata (Hï¿½ï¿½stsonaten), Best of Youth, The (La meglio gi"""
"183,""Magnum Force, Half Nelson, Senna, Three Billboards Outside Ebbing, Missouri, Patton"""
"184,""Come and See (Idi i smotri), Jetï¿½ï¿½e, La, World of Tomorrow, Andalusian Dog, An (Chien andalou, Un), Mary and"""
"185,""Split, Last Detail, The, Charlie Brown Christmas, A, Rivers and Tides, Waydowntown"""
"186,""Saving Face, Last Detail, The, Adam's Rib, Zeitgeist: Moving Forward, Connections"""
"187,""Dragon Ball Z: The History of Trunks (Doragon bï¿½ï¿½ru Z: Zetsubï¿½ï¿½ e no hankï¿½ï¿½!! Nokosareta chï¿½ï¿½ senshi - Gohan to Torankusu), Come and See (Idi i smotri), Stalker, Jetï¿½ï¿"""
"188,""Submarine, Gigantic (A Tale of Two Johns), The Big Bus, Seve, Victory (a.k.a. Escape to Victory)"""
"189,""Saving Face, Mulholland Dr., Last Detail, The, , Zeitgeist: Moving Forward"""
"190,""Saving Face, Mulholland Dr., Come and See (Idi i smotri), Jetï¿½ï¿½e, La, Rivers and T"""
"191,""The Artist, Captain Fantastic, Room, Wristcutters: A Love Story, Dragon Ball Z the Movie: The Tree of Might (Doragon bï¿½ï¿½ru Z 3: Chikyï¿½ï¿½ marugoto chï¿"""
"192,""Last Detail, The, Saving Face, Wallace & Gromit: The Best of Aardman Animation, Waydowntown, Zeitgeist: Moving Forward"""
"193,""Stalker, Wild Strawberries (Smultronstï¿½ï¿½llet), Play Time (a.k.a. Playtime), Baraka, Holy Mountain, The (Montaï¿½ï¿½a sagr"""
"194,""Last Detail, The, Mulholland Dr., Three Billboards Outside Ebbing, Missouri, , Zeitgeist: Moving Forward"""
"195,""Last Detail, The, Zeitgeist: Moving Forward, Connections, Summer's Tale, A (Conte d'ï¿½ï¿½tï¿½ï¿½), Woman Under the Infl"""
"196,""Louis C.K.: Chewed Up, Mission: Impossible - Rogue Nation, Waydowntown, Last Detail, The, Game of Death"""
"197,""The Artist, Mulholland Dr., Once, Saving Face, Pierrot le fou"""
"198,""Split, Truly, Madly, Deeply, Son of the Bride (Hijo de la novia, El), Let It Ride, It Happened One Night"""
"199,""Mulholland Dr., Jetï¿½ï¿½e, La, Come and See (Idi i smotri), Man Who Shot Liberty Valance, The, Paths of G"""
"200,""Saving Face, Come and See (Idi i smotri), North & South, The Big Bus, Victory (a.k.a. Escape to Victory)"""
"201,""The Big Bus, Seve, Victory (a.k.a. Escape to Victory), Saving Face, Grand Day Out with Wallace and Gromit, A"""
"202,""Mulholland Dr., Trial, The (Procï¿½ï¿½s, Le), Saving Face, Chungking Express (Chung Hing sam lam), Last Detail,"""
"203,""Play Time (a.k.a. Playtime), Charlie Brown Christmas, A, Patton, Last Detail, The, Mulholland Dr."""
"204,""Rivers and Tides, Split, Wild Tales, I, the Jury, Sweet Hereafter, The"""
"205,""Once, Cove, The, Goods: Live Hard, Sell Hard, The, Louis C.K.: Shameless, Saving Face"""
"206,""Come and See (Idi i smotri), Jetï¿½ï¿½e, La, Last Detail, The, Adam's Rib, Guess Who's Coming to Di"""
"207,""Henry Fool, Split, Trekkies, Prophet, A (Un Prophï¿½ï¿½te), Breaking the W"""
"208,""Mulholland Dr., Three Billboards Outside Ebbing, Missouri, Adam's Rib, Louis C.K.: Chewed Up, Saving Face"""
"209,""Mulholland Dr., Dragon Ball Z: The History of Trunks (Doragon bï¿½ï¿½ru Z: Zetsubï¿½ï¿½ e no hankï¿½ï¿½!! Nokosareta chï¿½ï¿½ senshi - Gohan to Torankusu), All Watched Over by Machines of Loving Grace, Rivers and Ti"""
"210,""Waydowntown, Saving Face, Louis C.K.: Chewed Up, Taxi 2, North & South"""
"211,""Saving Face, Mulholland Dr., Three Billboards Outside Ebbing, Missouri, Come and See (Idi i smotri), Kelly's Heroes"""
"212,""Emma, Saving Face, Mulholland Dr., Come and See (Idi i smotri), Last Detail, The"""
"213,""Saving Face, Waydowntown, North & South, Zeitgeist: Moving Forward, Connections"""
"214,""Saving Face, Last Detail, The, The Big Bus, Seve, Victory (a.k.a. Escape to Victory)"""
"215,""Saving Face, Adam's Rib, Last Detail, The, Dangerous Beauty, Guess Who's Coming to Dinner"""
"216,""The Artist, Mulholland Dr., Jetï¿½ï¿½e, La, Manchurian Candidate, The, Adam's"""
"217,""Last Detail, The, Saving Face, Connections, Summer's Tale, A (Conte d'ï¿½ï¿½tï¿½ï¿½), Woman Under the Infl"""
"218,""Come and See (Idi i smotri), Jetï¿½ï¿½e, La, World of Tomorrow, Buffalo '66 (a.k.a. Buffalo 66), The Big"""
"219,""Mulholland Dr., Come and See (Idi i smotri), Jetï¿½ï¿½e, La, Dragon Ball Z: The History of Trunks (Doragon bï¿½ï¿½ru Z: Zetsubï¿½ï¿½ e no hankï¿½ï¿½!! Nokosareta chï¿½ï¿½ senshi - Gohan to Torankusu"""
"220,""Saving Face, Last Detail, The, Dangerous Beauty, Mulholland Dr., The Big Bus"""
"221,""Mulholland Dr., Dragon Ball Z: The History of Trunks (Doragon bï¿½ï¿½ru Z: Zetsubï¿½ï¿½ e no hankï¿½ï¿½!! Nokosareta chï¿½ï¿½ senshi - Gohan to Torankusu), Come and See (Idi i smotri), Trial, The (Procï¿½ï¿½s, Le"""
"222,""Saving Face, The Big Bus, Victory (a.k.a. Escape to Victory), Seve, My Sassy Girl (Yeopgijeogin geunyeo)"""
"223,""Submarine, Saving Face, Waydowntown, North & South, Day of the Doctor, The"""
"224,""Antonia's Line (Antonia), Submarine, Gigantic (A Tale of Two Johns), Buffalo '66 (a.k.a. Buffalo 66), The Big Bus"""
"225,""Dune, Once, Visitor, The, Frozen River, Moby Dick"""
"226,""Saving Face, Mulholland Dr., Once, The Big Bus, Victory (a.k.a. Escape to Victory)"""
"227,""Mulholland Dr., Saving Face, Come and See (Idi i smotri), Summer's Tale, A (Conte d'ï¿½ï¿½tï¿½ï¿½), Woman Under the Infl"""
"228,""Come and See (Idi i smotri), Emma, Jetï¿½ï¿½e, La, Saving Face, Mulholland"""
"229,""Last Detail, The, Saving Face, Mulholland Dr., Zeitgeist: Moving Forward, Connections"""
"230,""Black Dynamite, Waydowntown, Ivan's Childhood (a.k.a. My Name is Ivan) (Ivanovo detstvo), Play Time (a.k.a. Playtime), Dune"""
"231,""Once, Road Warrior, The (Mad Max 2), Ninja Scroll (Jï¿½ï¿½bei ninpï¿½ï¿½chï¿½ï¿½), Mulholland Dr.,"""
"232,""Play Time (a.k.a. Playtime), Summer's Tale, A (Conte d'ï¿½ï¿½tï¿½ï¿½), Woman Under the Influence, A, Zeitgeist: Moving Forward, Con"""
"233,""Mulholland Dr., Play Time (a.k.a. Playtime), Autumn Sonata (Hï¿½ï¿½stsonaten), Stunt Man, The, Ba"""
"234,""Come and See (Idi i smotri), The Big Bus, Victory (a.k.a. Escape to Victory), Seve, Trekkies"""
"235,""Adam's Rib, Last Detail, The, Schindler's List, Hamlet, Guess Who's Coming to Dinner"""
"236,""Jetï¿½ï¿½e, La, Come and See (Idi i smotri), The Artist, World of Tomorrow, Adam's"""
"237,""Mulholland Dr., Play Time (a.k.a. Playtime), Emma, , Zeitgeist: Moving Forward"""
"238,""Reign Over Me, Play Time (a.k.a. Playtime), Three Billboards Outside Ebbing, Missouri, Unforgiven, The, Half Nelson"""
"239,""Mulholland Dr., Last Detail, The, Saving Face, Charlie Brown Christmas, A, Zeitgeist: Moving Forward"""
"240,""Center of the World, The, Dune, Ivan's Childhood (a.k.a. My Name is Ivan) (Ivanovo detstvo), Truly, Madly, Deeply, Bad Lieutenant"""
"241,""Mulholland Dr., Saving Face, Last Detail, The, The Artist, """
"242,""Mulholland Dr., Last Detail, The, Zeitgeist: Moving Forward, Connections, Summer's Tale, A (Conte d'ï¿½ï¿½"""
"243,""Center of the World, The, Black Dynamite, Bad Lieutenant, Dune, Summer's Tale, A (Conte d'ï¿½ï¿½"""
"244,""Rules of Attraction, The, Saving Face, Waydowntown, Mulholland Dr., Pierrot le fou"""
"245,""Jackass 2.5, Saving Face, Jetï¿½ï¿½e, La, Fury, Wages of Fear, The (Salaire de la peur,"""
"246,""Saving Face, Dune, Once, Visitor, The, Frozen River"""
"247,""Mulholland Dr., Saving Face, Last Detail, The, Three Billboards Outside Ebbing, Missouri, """
"248,""Day of the Doctor, The, Doctor Who: The Doctor, the Widow and the Wardrobe, Louis C.K.: Shameless, Submarine, Saving Face"""
"249,""Saving Face, Last Detail, The, Mulholland Dr., Zeitgeist: Moving Forward, Connections"""
"250,""Last Detail, The, Wallace & Gromit: The Best of Aardman Animation, Chungking Express (Chung Hing sam lam), Saving Face, Dangerous Beauty"""
"251,""Mulholland Dr., Last Detail, The, Saving Face, Three Billboards Outside Ebbing, Missouri, """
"252,""Come and See (Idi i smotri), Saving Face, Rivers and Tides, Last Detail, The, The Big Bus"""
"253,""Trial, The (Procï¿½ï¿½s, Le), Come and See (Idi i smotri), Woman in the Dunes (Suna no onna), Wild Tales, Best of Youth, The (La meglio gioven"""
"254,""Mulholland Dr., Rivers and Tides, Play Time (a.k.a. Playtime), Zeitgeist: Moving Forward, Connections"""
"255,""Christmas Vacation (National Lampoon's Christmas Vacation), Ivan's Childhood (a.k.a. My Name is Ivan) (Ivanovo detstvo), Once, Hush, Cheech and Chong's Up in Smoke"""
"256,""Last Detail, The, Waydowntown, Summer's Tale, A (Conte d'ï¿½ï¿½tï¿½ï¿½), Woman Under the Influence, A, Zeitgeist: Moving"""
"257,""Ivan's Childhood (a.k.a. My Name is Ivan) (Ivanovo detstvo), Goods: Live Hard, Sell Hard, The, Taxi 2, Inside Job, Elite Squad: The Enemy Within (Tropa de Elite 2 - O Inimigo Agora ï¿½ï¿½ Ou"""
"258,""Play Time (a.k.a. Playtime), Stalker, Reign Over Me, Joe Versus the Volcano, Three Billboards Outside Ebbing, Missouri"""
"259,""Booty Call, Bad Lieutenant, Alvin and the Chipmunks: The Squeakquel, Truly, Madly, Deeply, Halloween: The Curse of Michael Myers (Halloween 6: The Curse of Michael Myers)"""
"260,""Fury, The Artist, Wages of Fear, The (Salaire de la peur, Le), Saving Face, Jetï¿½ï¿½e"""
"261,""Play Time (a.k.a. Playtime), Rivers and Tides, Baraka, Mulholland Dr., Monty Python's Life of Brian"""
"262,""Burnt by the Sun (Utomlyonnye solntsem), Hours, The, Play Time (a.k.a. Playtime), Black Dynamite, Breaking the Waves"""
"263,""Adam's Rib, Saving Face, Last Detail, The, Dangerous Beauty, Guess Who's Coming to Dinner"""
"264,""The Big Bus, Seve, Victory (a.k.a. Escape to Victory), Saving Face, King and I, The"""
"265,""Grand Day Out with Wallace and Gromit, A, Last Detail, The, Senna, Saving Face, Mulholland Dr."""
"266,""Reign Over Me, Mulholland Dr., Tale of Two Sisters, A (Janghwa, Hongryeon), Hustler, The, Dragon Ball Z: The History of Trunks (Doragon bï¿½ï¿½ru Z: Zetsubï¿½ï¿½ e no hankï¿½ï¿½!! Nokosareta chï¿½ï¿½ senshi - Goh"""
"267,""Senna, Grand Day Out with Wallace and Gromit, A, Sausage Party, Ted 2, Prizzi's Honor"""
"268,""Tale of Two Sisters, A (Janghwa, Hongryeon), Rashomon (Rashï¿½ï¿½mon), Dragon Ball Z: The History of Trunks (Doragon bï¿½ï¿½ru Z: Zetsubï¿½ï¿½ e no hankï¿½ï¿½!! Nokosareta chï¿½ï¿½ senshi - Gohan to Torankusu), Yojimb"""
"269,""Come and See (Idi i smotri), Saving Face, Adam's Rib, Moby Dick, Jetï¿½ï¿½e"""
"270,""The Artist, Wallace & Gromit: The Best of Aardman Animation, Last Detail, The, Guess Who's Coming to Dinner, Casablanca"""
"271,""Kissing Jessica Stein, The Artist, Mulholland Dr., Last Detail, The, Dragon Ball Z: The History of Trunks (Doragon bï¿½ï¿½ru Z: Zetsubï¿½ï¿½ e no hankï¿½ï¿½!! Nokosareta chï¿½ï¿½ senshi - Goh"""
"272,""Three Billboards Outside Ebbing, Missouri, Saving Face, Louis C.K.: Shameless, Zeitgeist: Moving Forward, Connections"""
"273,""Saving Face, The Artist, Come and See (Idi i smotri), Visitor, The, Frozen River"""
"274,""Saving Face, Come and See (Idi i smotri), The Big Bus, Victory (a.k.a. Escape to Victory), Seve"""
"275,""The Artist, Mulholland Dr., Come and See (Idi i smotri), Saving Face, Jetï¿½ï¿½e"""
"276,""Saving Face, Summer's Tale, A (Conte d'ï¿½ï¿½tï¿½ï¿½), Woman Under the Influence, A, Zeitgeist: Moving Forward, Con"""
"277,""Come and See (Idi i smotri), Jetï¿½ï¿½e, La, Dead Alive (Braindead), World of Tomorrow, Saving """
"278,""Play Time (a.k.a. Playtime), Last Detail, The, Split, Charlie Brown Christmas, A, Zeitgeist: Moving Forward"""
"279,""Mulholland Dr., Dead Alive (Braindead), Seventh Seal, The (Sjunde inseglet, Det), Michael Clayton, Three Billboards Outside Ebbing, Missouri"""
"280,""Last Detail, The, Jackass 2.5, Three Billboards Outside Ebbing, Missouri, Adam's Rib, Saving Face"""
"281,""Rules of Attraction, The, Emma, Waydowntown, Bill Hicks: Revelations, Mulholland Dr."""
"282,""Saving Face, Last Detail, The, Mulholland Dr., Summer's Tale, A (Conte d'ï¿½ï¿½tï¿½ï¿½), Woman Under the Infl"""
"283,""Reign Over Me, Play Time (a.k.a. Playtime), Inside Job, Ivan's Childhood (a.k.a. My Name is Ivan) (Ivanovo detstvo), Three Billboards Outside Ebbing, Missouri"""
"284,""Saving Face, Connections, Summer's Tale, A (Conte d'ï¿½ï¿½tï¿½ï¿½), Woman Under the Influence, A, Zeitgeist: Moving"""
"285,""Come and See (Idi i smotri), Jetï¿½ï¿½e, La, World of Tomorrow, Best of Youth, The (La meglio gioventï¿½ï¿½), Seventh Seal, The (Sjunde insegl"""
"286,""Come and See (Idi i smotri), Mulholland Dr., Jetï¿½ï¿½e, La, Three Billboards Outside Ebbing, Missouri, Rivers and T"""
"287,""Stalker, Dragon Ball Z: The History of Trunks (Doragon bï¿½ï¿½ru Z: Zetsubï¿½ï¿½ e no hankï¿½ï¿½!! Nokosareta chï¿½ï¿½ senshi - Gohan to Torankusu), Gallipoli, Blind Swordsman: Zatoichi, The (Zatï¿½ï¿½ichi)"""
"288,""Mulholland Dr., Saving Face, Adam's Rib, Last Detail, The, Lady Jane"""
"289,""Come and See (Idi i smotri), Jetï¿½ï¿½e, La, Mulholland Dr., Saving Face, World of Tomo"""
"290,""Come and See (Idi i smotri), Jetï¿½ï¿½e, La, Saving Face, Mulholland Dr., Adam's"""
"291,""Submarine, Doctor Who: The Time of the Doctor, Louis C.K.: Shameless, Day of the Doctor, The, Louis C.K.: Chewed Up"""
"292,""Waydowntown, Saving Face, Anne of Green Gables: The Sequel (a.k.a. Anne of Avonlea), Ivan's Childhood (a.k.a. My Name is Ivan) (Ivanovo detstvo), Italian Job, The"""
"293,""Last Detail, The, Mulholland Dr., Three Billboards Outside Ebbing, Missouri, Zeitgeist: Moving Forward, Connections"""
"294,""Kissing Jessica Stein, Cheech and Chong's Up in Smoke, Where the Buffalo Roam, Bachelor Party, Meatballs"""
"295,""Tale of Two Sisters, A (Janghwa, Hongryeon), Three Colors: Red (Trois couleurs: Rouge), Come and See (Idi i smotri), Tenebre, Joint Security Area (Gongdong gyeongbi guyeok JSA)"""
"296,""Heavenly Creatures, Mean Streets, Wild Tales, Dead Alive (Braindead), Best of Youth, The (La meglio gioventï¿½"""
"297,""Dragon Ball Z: The History of Trunks (Doragon bï¿½ï¿½ru Z: Zetsubï¿½ï¿½ e no hankï¿½ï¿½!! Nokosareta chï¿½ï¿½ senshi - Gohan to Torankusu), Stalker, Hustler, The, Neon Genesis Evangelion: The End of Evangelion (Shin seiki Evangelion Gekijï¿½ï¿½-ban: Air/Magokoro wo, kimi ni), Holy Mountain, The (M"""
"298,""Beer League, High and Low (Tengoku to jigoku), Dragon Ball Z: The History of Trunks (Doragon bï¿½ï¿½ru Z: Zetsubï¿½ï¿½ e no hankï¿½ï¿½!! Nokosareta chï¿½ï¿½ senshi - Gohan to Torankusu), Mulholland Dr., Neon Genesis Evangelion: The End of Evangelion (Shin seiki Evangelion Gekijï¿½ï¿½-ban: Air/M"""
"299,""Visitor, The, Frozen River, Moby Dick, Saving Face, Once"""
"300,""Dragon Ball Z: The History of Trunks (Doragon bï¿½ï¿½ru Z: Zetsubï¿½ï¿½ e no hankï¿½ï¿½!! Nokosareta chï¿½ï¿½ senshi - Gohan to Torankusu), Jetï¿½ï¿½e, La, Rivers and Tides, Come and See (Idi i smo"""
"301,""Wristcutters: A Love Story, Last Detail, The, Jackass 2.5, Call Me by Your Name, Battlestar Galactica: Razor"""
"302,""Last Detail, The, Schindler's List, Come and See (Idi i smotri), Swept Away (Travolti da un insolito destino nell'azzurro mare d'Agosto), Manchurian Candidate, The"""
"303,""Once, Dune, Visitor, The, Frozen River, Saving Face"""
"304,""Senna, Last Detail, The, Patton, Crucible, The, Thief"""
"305,""Zeitgeist: Moving Forward, Connections, Summer's Tale, A (Conte d'ï¿½ï¿½tï¿½ï¿½), Woman Under the Influence, A, Human Condition III, The (Ningen no jo"""
"306,""Last Detail, The, Hard Candy, Hello, Dolly!, Incendies, Center of the World, The"""
"307,""Play Time (a.k.a. Playtime), Reign Over Me, Mulholland Dr., Rivers and Tides, Time of the Gypsies (Dom za vesanje)"""
"308,""Doctor Who: The Time of the Doctor, Submarine, Antonia's Line (Antonia), The Wedding Ringer, Day of the Doctor, The"""
"309,""Come and See (Idi i smotri), Jetï¿½ï¿½e, La, World of Tomorrow, Fury, Match Factory Girl, The (Tulitikkutehtaan tyt"""
"310,""The Artist, Neon Genesis Evangelion: Death & Rebirth (Shin seiki Evangelion Gekijï¿½ï¿½-ban: Shito shinsei), Yojimbo, Enemy Mine, Dragon Ball Z: The History of Trunks (Doragon bï¿½ï¿½ru Z: Zetsubï¿½ï¿½ e no hankï¿½ï¿½!! Nokosareta chï¿½ï¿½ senshi -"""
"311,""Reign Over Me, Play Time (a.k.a. Playtime), Hours, The, Deathgasm, Hot Rod"""
"312,""Mulholland Dr., Dragon Ball Z: The History of Trunks (Doragon bï¿½ï¿½ru Z: Zetsubï¿½ï¿½ e no hankï¿½ï¿½!! Nokosareta chï¿½ï¿½ senshi - Gohan to Torankusu), The Artist, Come and See (Idi i smotri), All Watched Over by Machines"""
"313,""Stalker, Fear and Loathing in Las Vegas, Black Dynamite, Shutter Island, Michael Clayton"""
"314,""Adam's Rib, Guess Who's Coming to Dinner, Dangerous Beauty, Lady Jane, Last Detail, The"""
"315,""Last Detail, The, Funny Games U.S., Come and See (Idi i smotri), Casablanca, Guess Who's Coming to Dinner"""
"316,""Man Who Would Be King, The, Three Billboards Outside Ebbing, Missouri, Wild Tales, Mulholland Dr., Come and See (Idi i smotri)"""
"317,""Reign Over Me, Play Time (a.k.a. Playtime), Three Billboards Outside Ebbing, Missouri, Hours, The, Mulholland Dr."""
"318,""Last Detail, The, Mulholland Dr., Summer's Tale, A (Conte d'ï¿½ï¿½tï¿½ï¿½), Woman Under the Influence, A, Zeitgeist: Moving"""
"319,""Last Detail, The, Mulholland Dr., Rivers and Tides, Saving Face, Three Billboards Outside Ebbing, Missouri"""
"320,""Rivers and Tides, Lady Jane, Adam's Rib, Saving Face, Babette's Feast (Babettes gï¿½ï¿½ste"""
"321,""Last Detail, The, Play Time (a.k.a. Playtime), Ivan's Childhood (a.k.a. My Name is Ivan) (Ivanovo detstvo), Center of the World, The, Summer's Tale, A (Conte d'ï¿½ï¿½"""
"322,""Last Detail, The, Rivers and Tides, North & South, Saving Face, Submarine"""
"323,""The Big Bus, Seve, Victory (a.k.a. Escape to Victory), Come and See (Idi i smotri), Moby Dick"""
"324,""The Artist, Adam's Rib, Lady Jane, Babette's Feast (Babettes gï¿½ï¿½stebud), Safety L"""
"325,""The Artist, Dragon Ball Z: The History of Trunks (Doragon bï¿½ï¿½ru Z: Zetsubï¿½ï¿½ e no hankï¿½ï¿½!! Nokosareta chï¿½ï¿½ senshi - Gohan to Torankusu), Mulholland Dr., Come and See (Idi i """
"326,""Truly, Madly, Deeply, Breaking the Waves, It Happened One Night, Split, Max Manus"""
"327,""Ivan's Childhood (a.k.a. My Name is Ivan) (Ivanovo detstvo), Truly, Madly, Deeply, Taxi 2, Play Time (a.k.a. Playtime), Instinct"""
"328,""Producers, The, Opera, Come and See (Idi i smotri), Wages of Fear, The (Salaire de la peur, Le), Tale of Two Sisters, A (Janghwa, Hongryeon)"""
"329,""Troll 2, Saturn 3, Villain, Phantom of the Paradise, Titanic"""
"330,""Come and See (Idi i smotri), Mulholland Dr., Saving Face, Jetï¿½ï¿½e, La, Rivers and T"""
"331,""Mulholland Dr., Dragon Ball Z: The History of Trunks (Doragon bï¿½ï¿½ru Z: Zetsubï¿½ï¿½ e no hankï¿½ï¿½!! Nokosareta chï¿½ï¿½ senshi - Gohan to Torankusu), Stalker, Come and See (Idi i smo"""
"332,""Mulholland Dr., Saving Face, Adam's Rib, Lady Jane, Chungking Express (Chung Hing sam lam)"""
"333,""Bad Lieutenant, The Artist, Come and See (Idi i smotri), Three Billboards Outside Ebbing, Missouri, Sullivan's Travels"""
"334,""Saving Face, North & South, Mulholland Dr., Zeitgeist: Moving Forward, Connections"""
"335,""Reign Over Me, Three Billboards Outside Ebbing, Missouri, Inside Job, Mulholland Dr., Louis C.K.: Shameless"""
"336,""Saving Face, Mulholland Dr., Summer's Tale, A (Conte d'ï¿½ï¿½tï¿½ï¿½), Woman Under the Influence, A, Zeitgeist: Moving"""
"337,""The Big Bus, Seve, Victory (a.k.a. Escape to Victory), Come and See (Idi i smotri), Into the Woods"""
"338,""Reign Over Me, 8 1/2 (8ï¿½ï¿½), My Own Private Idaho, Trial, The (Procï¿½ï¿½s, Le), Mean"""
"339,""Last Detail, The, Split, Mulholland Dr., Wild Tales, Play Time (a.k.a. Playtime)"""
"340,""Saving Face, Last Detail, The, Zeitgeist: Moving Forward, Connections, Summer's Tale, A (Conte d'ï¿½ï¿½"""
"341,""Last Detail, The, Center of the World, The, Zeitgeist: Moving Forward, Connections, Summer's Tale, A (Conte d'ï¿½ï¿½"""
"342,""Play Time (a.k.a. Playtime), Ivan's Childhood (a.k.a. My Name is Ivan) (Ivanovo detstvo), Summer's Tale, A (Conte d'ï¿½ï¿½tï¿½ï¿½), Woman Under the Influence, A, Zeitgeist: Moving"""
"343,""Last Detail, The, The Artist, Adam's Rib, Saving Face, Mulholland Dr."""
"344,""Louis C.K.: Shameless, Senna, Day of the Doctor, The, Doctor Who: The Doctor, the Widow and the Wardrobe, Sherlock: The Abominable Bride"""
"345,""Come and See (Idi i smotri), Last Detail, The, Saving Face, Incendies, Wild Tales"""
"346,""Come and See (Idi i smotri), Dragon Ball Z: The History of Trunks (Doragon bï¿½ï¿½ru Z: Zetsubï¿½ï¿½ e no hankï¿½ï¿½!! Nokosareta chï¿½ï¿½ senshi - Gohan to Torankusu), Jetï¿½ï¿½e, La, Last Tango in Paris (Ultimo tang"""
"347,""Saving Face, The Big Bus, Seve, Victory (a.k.a. Escape to Victory), Moby Dick"""
"348,""Mulholland Dr., Saving Face, Last Detail, The, Come and See (Idi i smotri), Stunt Man, The"""
"349,""Saving Face, Moby Dick, Adam's Rib, The Big Bus, Seve"""
"350,""Submarine, Saving Face, Day of the Doctor, The, North & South, Once"""
"351,""Last Detail, The, Summer's Tale, A (Conte d'ï¿½ï¿½tï¿½ï¿½), Woman Under the Influence, A, Zeitgeist: Moving Forward, Con"""
"352,""Play Time (a.k.a. Playtime), Last Detail, The, Three Billboards Outside Ebbing, Missouri, Mulholland Dr., Summer's Tale, A (Conte d'ï¿½ï¿½"""
"353,""Play Time (a.k.a. Playtime), Suspiria, Mulholland Dr., 8 1/2 (8ï¿½ï¿½), All Watched Over by Machines of Loving G"""
"354,""Last Detail, The, Saving Face, Summer's Tale, A (Conte d'ï¿½ï¿½tï¿½ï¿½), Woman Under the Influence, A, Zeitgeist: Moving"""
"355,""Melancholia, The Artist, Mulholland Dr., Saving Face, Win Win"""
"356,""Saving Face, Mulholland Dr., Come and See (Idi i smotri), Last Detail, The, Cinema Paradiso (Nuovo cinema Paradiso)"""
"357,""Come and See (Idi i smotri), Saving Face, The Big Bus, Victory (a.k.a. Escape to Victory), Seve"""
"358,""The Artist, Adam's Rib, Last Detail, The, U2: Rattle and Hum, Guess Who's Coming to Dinner"""
"359,""Guess Who's Coming to Dinner, Last Detail, The, Wallace & Gromit: The Best of Aardman Animation, Casablanca, Dangerous Beauty"""
"360,""Last Detail, The, Dallas Buyers Club, Dragon Ball Z the Movie: The Tree of Might (Doragon bï¿½ï¿½ru Z 3: Chikyï¿½ï¿½ marugoto chï¿½ï¿½ kessen), Captain Fantastic"""
"361,""Dune, Waydowntown, Louis C.K.: Chewed Up, Taxi 2, Vacation"""
"362,""Mulholland Dr., , Saving Face, Summer's Tale, A (Conte d'ï¿½ï¿½tï¿½ï¿½), Woman Under the Infl"""
"363,""Melancholia, Black Dynamite, Three Colors: Blue (Trois couleurs: Bleu), Win Win, Last Detail, The"""
"364,""Moby Dick, The Big Bus, Seve, Victory (a.k.a. Escape to Victory), Sausage Party"""
"365,""Sausage Party, Louis C.K.: Chewed Up, The Interview, Detroit Rock City, Ted 2"""
"366,""Play Time (a.k.a. Playtime), The Big Bus, Victory (a.k.a. Escape to Victory), Seve, Rivers and Tides"""
"367,""Thief, Let It Ride, U2: Rattle and Hum, Gigantic (A Tale of Two Johns), Dangerous Beauty"""
"368,""Mulholland Dr., Last Detail, The, Saving Face, Charlie Brown Christmas, A, Play Time (a.k.a. Playtime)"""
"369,""Black Dynamite, Saving Face, Mulholland Dr., Dune, Zeitgeist: Moving Forward"""
"370,""Come and See (Idi i smotri), Saving Face, The Big Bus, Victory (a.k.a. Escape to Victory), Seve"""
"371,""Play Time (a.k.a. Playtime), Reign Over Me, Rivers and Tides, Zeitgeist: Moving Forward, Connections"""
"372,""Senna, Grand Day Out with Wallace and Gromit, A, Mulholland Dr., Manchurian Candidate, The, Patton"""
"373,""Rivers and Tides, Play Time (a.k.a. Playtime), Baraka, Stalker, Captain Fantastic"""
"374,""Once, Dune, Louis C.K.: Shameless, The Jinx: The Life and Deaths of Robert Durst, Senna"""
"375,""Play Time (a.k.a. Playtime), Akira, Boyhood, All Watched Over by Machines of Loving Grace, Baraka"""
"376,""Saving Face, Last Detail, The, Waydowntown, Adam's Rib, Zeitgeist: Moving Forward"""
"377,""Mulholland Dr., Grand Day Out with Wallace and Gromit, A, Saving Face, Senna, Once"""
"378,""Last Detail, The, Saving Face, Mulholland Dr., Zeitgeist: Moving Forward, Connections"""
"379,""Glory Road, Magnum Force, Thief, Last Detail, The, Play Time (a.k.a. Playtime)"""
"380,""Saving Face, Once, Come and See (Idi i smotri), Mulholland Dr., Zeitgeist: Moving Forward"""
"381,""Saving Face, North & South, Last Detail, The, Adam's Rib, Come and See (Idi i smotri)"""
"382,""Last Detail, The, Saving Face, Rivers and Tides, Mulholland Dr., Zeitgeist: Moving Forward"""
"383,""Pirate Radio, Adam's Rib, U2: Rattle and Hum, Waydowntown, Mr. Skeffington"""
"384,""Game of Death, Charlie Brown Christmas, A, Penelope, Grand Day Out with Wallace and Gromit, A, Supercop 2 (Project S) (Chao ji ji hua)"""
"385,""Mulholland Dr., All Watched Over by Machines of Loving Grace, Play Time (a.k.a. Playtime), Suspiria, """
"386,""Come and See (Idi i smotri), Mulholland Dr., Three Colors: Red (Trois couleurs: Rouge), Jetï¿½ï¿½e, La, Saving """
"387,""Mulholland Dr., Trial, The (Procï¿½ï¿½s, Le), Dragon Ball Z: The History of Trunks (Doragon bï¿½ï¿½ru Z: Zetsubï¿½ï¿½ e no hankï¿½ï¿½!! Nokosareta chï¿½ï¿½ senshi - Gohan to Torankusu), All Watched Over by Machines of Loving Grace, Through a Glass Darkly """
"388,""Dune, Taxi 2, Booty Call, Dawn of the Dead, Goods: Live Hard, Sell Hard, The"""
"389,""Saving Face, Adam's Rib, Moby Dick, Dangerous Beauty, My Sassy Girl (Yeopgijeogin geunyeo)"""
"390,""Play Time (a.k.a. Playtime), Black Dynamite, 9/11, Prisoners, Burnt by the Sun (Utomlyonnye solntsem)"""
"391,""Dragon Ball Z: The History of Trunks (Doragon bï¿½ï¿½ru Z: Zetsubï¿½ï¿½ e no hankï¿½ï¿½!! Nokosareta chï¿½ï¿½ senshi - Gohan to Torankusu), Come and See (Idi i smotri), Jetï¿½ï¿½e, La, Nausicaï¿½ï¿½ of the Valley of the Wind (Kaze no tani no Naushika), Holy Mountain, Th"""
"392,""Emma, Millennium Actress (Sennen joyï¿½ï¿½), Bullet in the Head, Mulholland Dr., Sea Inside, The (Mar aden"""
"393,""Submarine, Doctor Who: The Time of the Doctor, Antonia's Line (Antonia), Stranger Than Paradise, Beautiful Thing"""
"394,""8 1/2 (8ï¿½ï¿½), Three Billboards Outside Ebbing, Missouri, Reign Over Me, My Man Godfrey, S"""
"395,""Center of the World, The, Ivan's Childhood (a.k.a. My Name is Ivan) (Ivanovo detstvo), Summer's Tale, A (Conte d'ï¿½ï¿½tï¿½ï¿½), Woman Under the Influence, A, Zeitgeist: Moving"""
"396,""Wages of Fear, The (Salaire de la peur, Le), Fury, Mesrine: Public Enemy #1 (L'ennemi public nï¿½ï¿½1), Volver, Three Colors: Red (Trois couleurs: Ro"""
"397,""Trial, The (Procï¿½ï¿½s, Le), Best of Youth, The (La meglio gioventï¿½ï¿½), Chungking Express (Chung Hing sam lam), Come and See (Idi i smotri), Woman in the Dunes (Suna """
"398,""Wallace & Gromit: The Best of Aardman Animation, Saving Face, Cinema Paradiso (Nuovo cinema Paradiso), True Grit, The Big Bus"""
"399,""Moby Dick, The Big Bus, Victory (a.k.a. Escape to Victory), Seve, Stranger Than Paradise"""
"400,""Mulholland Dr., Saving Face, Come and See (Idi i smotri), Last Detail, The, """
"401,""Saving Face, Come and See (Idi i smotri), Zeitgeist: Moving Forward, Connections, Summer's Tale, A (Conte d'ï¿½ï¿½"""
"402,""Last Detail, The, Saving Face, My Wife is an Actress (Ma Femme est une Actrice), Come and See (Idi i smotri), Summer's Tale, A (Conte d'ï¿½ï¿½"""
"403,""Mulholland Dr., Charlie Brown Christmas, A, Swept Away (Travolti da un insolito destino nell'azzurro mare d'Agosto), Lady Jane, I, the Jury"""
"404,""Last Detail, The, Saving Face, Woman Under the Influence, A, Zeitgeist: Moving Forward, Connections"""
"405,""Last Detail, The, Mulholland Dr., Saving Face, Summer's Tale, A (Conte d'ï¿½ï¿½tï¿½ï¿½), Woman Under the Infl"""
"406,""Zed & Two Noughts, A, Hello, Dolly!, Jezebel, Avengers: Infinity War - Part I, Phantasm II"""
"407,""Come and See (Idi i smotri), Jetï¿½ï¿½e, La, Rivers and Tides, World of Tomorrow, Galli"""
"408,""Saving Face, Waydowntown, The Big Bus, Seve, Victory (a.k.a. Escape to Victory)"""
"409,""Dragon Ball Z: The History of Trunks (Doragon bï¿½ï¿½ru Z: Zetsubï¿½ï¿½ e no hankï¿½ï¿½!! Nokosareta chï¿½ï¿½ senshi - Gohan to Torankusu), Come and See (Idi i smotri), Jetï¿½ï¿½e, La, Hustler, The, Bridge on"""
"410,""The Big Bus, Seve, Victory (a.k.a. Escape to Victory), Come and See (Idi i smotri), My Sassy Girl (Yeopgijeogin geunyeo)"""
"411,""Play Time (a.k.a. Playtime), Last Detail, The, Presumed Innocent, Thief, Zeitgeist: Moving Forward"""
"412,""The Artist, Fury, Come and See (Idi i smotri), Jetï¿½ï¿½e, La, Mulholland"""
"413,""Three Billboards Outside Ebbing, Missouri, Captain Phillips, The Big Bus, Seve, Victory (a.k.a. Escape to Victory)"""
"414,""Mulholland Dr., Saving Face, Come and See (Idi i smotri), Jetï¿½ï¿½e, La, Pierrot le"""
"415,""Mulholland Dr., Last Detail, The, Come and See (Idi i smotri), Saving Face, Chungking Express (Chung Hing sam lam)"""
"416,""Captain Fantastic, Stalker, Dragon Ball Z the Movie: The Tree of Might (Doragon bï¿½ï¿½ru Z 3: Chikyï¿½ï¿½ marugoto chï¿½ï¿½ kessen), Wristcutters: A Love Story"""
"417,""Play Time (a.k.a. Playtime), Mulholland Dr., Connections, Summer's Tale, A (Conte d'ï¿½ï¿½tï¿½ï¿½), Woman Under the Infl"""
"418,""Play Time (a.k.a. Playtime), Baraka, Stalker, Rivers and Tides, Battlestar Galactica: Razor"""
"419,""Three Billboards Outside Ebbing, Missouri, Play Time (a.k.a. Playtime), Last Detail, The, Charlie Brown Christmas, A, Eichmann"""
"420,""Come and See (Idi i smotri), Saving Face, Rivers and Tides, Last Detail, The, Wild Tales"""
"421,""Come and See (Idi i smotri), Lady Jane, Jetï¿½ï¿½e, La, Adam's Rib, Babette's Feast (Babettes gï¿½ï¿"""
"422,""Senna, Last Detail, The, Mulholland Dr., Hamlet, Five Easy Pieces"""
"423,""Phantom of the Paradise, Aristocrats, The, The Artist, Senna, Seventh Seal, The (Sjunde inseglet, Det)"""
"424,""Truly, Madly, Deeply, Wild Tales, Burnt by the Sun (Utomlyonnye solntsem), It Happened One Night, Man Who Would Be King, The"""
"425,""Play Time (a.k.a. Playtime), Connections, Summer's Tale, A (Conte d'ï¿½ï¿½tï¿½ï¿½), Woman Under the Influence, A, Zeitgeist: Moving"""
"426,""The Wedding Ringer, Submarine, Doctor Who: The Time of the Doctor, Glory Road, Best Exotic Marigold Hotel, The"""
"427,""Play Time (a.k.a. Playtime), Stalker, Mulholland Dr., Wild Tales, Suspiria"""
"428,""Mulholland Dr., Millennium Actress (Sennen joyï¿½ï¿½), Play Time (a.k.a. Playtime), Tale of Two Sisters, A (Janghwa, Hongryeon), Rashomon (Rashï¿"""
"429,""Last Detail, The, Glory Road, Three Billboards Outside Ebbing, Missouri, Magnum Force, 12 Angry Men"""
"430,""Mulholland Dr., Charlie Brown Christmas, A, Rivers and Tides, Three Billboards Outside Ebbing, Missouri, Play Time (a.k.a. Playtime)"""
"431,""Mulholland Dr., Rivers and Tides, American: The Bill Hicks Story, Dragon Ball Z: The History of Trunks (Doragon bï¿½ï¿½ru Z: Zetsubï¿½ï¿½ e no hankï¿½ï¿½!! Nokosareta chï¿½ï¿½ senshi - Gohan to Torankusu), Great Beauty, The (Gran"""
"432,""Last Detail, The, Peaceful Warrior, Three Billboards Outside Ebbing, Missouri, Adam's Rib, Zeitgeist: Moving Forward"""
"433,""Out of Sight, Inland Empire, Trial, The (Procï¿½ï¿½s, Le), Woman in the Dunes (Suna no onna), Long Goodbye,"""
"434,""Dragon Ball Z: The History of Trunks (Doragon bï¿½ï¿½ru Z: Zetsubï¿½ï¿½ e no hankï¿½ï¿½!! Nokosareta chï¿½ï¿½ senshi - Gohan to Torankusu), Mulholland Dr., Neon Genesis Evangelion: The End of Evangelion (Shin seiki Evangelion Gekijï¿½ï¿½-ban: Air/Magokoro wo, kimi ni), Paths of"""
"435,""Three Billboards Outside Ebbing, Missouri, Saving Face, Reign Over Me, My Sassy Girl (Yeopgijeogin geunyeo), Summer's Tale, A (Conte d'ï¿½ï¿½"""
"436,""Wallace & Gromit: The Best of Aardman Animation, Last Detail, The, Saving Face, Thief, The Big Bus"""
"437,""Mulholland Dr., Jetï¿½ï¿½e, La, Rivers and Tides, Saving Face, Last Detail,"""
"438,""Saving Face, Senna, Mulholland Dr., Last Detail, The, Zeitgeist: Moving Forward"""
"439,""Come and See (Idi i smotri), Mulholland Dr., Saving Face, Last Detail, The, The Big Bus"""
"440,""Come and See (Idi i smotri), Mulholland Dr., Saving Face, Jetï¿½ï¿½e, La, World of Tomo"""
"441,""Once, Louis C.K.: Shameless, Dune, Louis C.K.: Chewed Up, Saving Face"""
"442,""Skin I Live In, The (La piel que habito), Fury, Submarine, Wages of Fear, The (Salaire de la peur, Le), Buffalo '66 (a.k.a. Buffalo 66)"""
"443,""Adam's Rib, Guess Who's Coming to Dinner, 12 Angry Men, Mr. Skeffington, Dangerous Beauty"""
"444,""The Artist, Mulholland Dr., Last Detail, The, Stunt Man, The, Autumn Sonata (Hï¿½ï¿½stsona"""
"445,""Rivers and Tides, Mulholland Dr., Wild Tales, Come and See (Idi i smotri), Hustler, The"""
"446,""The Artist, Last Detail, The, Adam's Rib, Lady Jane, Guess Who's Coming to Dinner"""
"447,""Last Detail, The, Saving Face, Come and See (Idi i smotri), Mulholland Dr., Three Billboards Outside Ebbing, Missouri"""
"448,""Come and See (Idi i smotri), The Big Bus, Victory (a.k.a. Escape to Victory), Seve, Jetï¿½ï¿½e"""
"449,""Mulholland Dr., Jetï¿½ï¿½e, La, Come and See (Idi i smotri), Woman in the Dunes (Suna no onna), Running on E"""
"450,""Mulholland Dr., Last Detail, The, Three Billboards Outside Ebbing, Missouri, Saving Face, Zeitgeist: Moving Forward"""
"451,""The Artist, Last Detail, The, Mulholland Dr., Saving Face, Adam's Rib"""
"452,""Saving Face, Last Detail, The, Three Billboards Outside Ebbing, Missouri, Zeitgeist: Moving Forward, Connections"""
"453,""Saving Face, Come and See (Idi i smotri), Lady Jane, Adam's Rib, Mulholland Dr."""
"454,""The Artist, Come and See (Idi i smotri), Mulholland Dr., Dragon Ball Z: The History of Trunks (Doragon bï¿½ï¿½ru Z: Zetsubï¿½ï¿½ e no hankï¿½ï¿½!! Nokosareta chï¿½ï¿½ senshi - Gohan to Torankusu), Three Colors: Red (Trois """
"455,""Last Detail, The, Dangerous Beauty, Chungking Express (Chung Hing sam lam), Guess Who's Coming to Dinner, Adam's Rib"""
"456,""The Big Bus, Seve, Victory (a.k.a. Escape to Victory), Split, Adam's Rib"""
"457,""Mulholland Dr., Charlie Brown Christmas, A, Three Billboards Outside Ebbing, Missouri, Game of Death, I, the Jury"""
"458,""Last Detail, The, Center of the World, The, Three Billboards Outside Ebbing, Missouri, Pirate Radio, Room in Rome (Habitaciï¿½ï¿½n en R"""
"459,""Last Detail, The, Saving Face, Three Billboards Outside Ebbing, Missouri, Zeitgeist: Moving Forward, Connections"""
"460,""Saving Face, North & South, Mulholland Dr., Adam's Rib, Last Detail, The"""
"461,""Melancholia, Wallace & Gromit: The Best of Aardman Animation, First Daughter, Snow Dogs, Room"""
"462,""Come and See (Idi i smotri), Wild Parrots of Telegraph Hill, The, Umberto D., Indignation, Who Killed Chea Vichea?"""
"463,""Three Billboards Outside Ebbing, Missouri, Mulholland Dr., Summer's Tale, A (Conte d'ï¿½ï¿½tï¿½ï¿½), Woman Under the Influence, A, Zeitgeist: Moving"""
"464,""Play Time (a.k.a. Playtime), Last Detail, The, Charlie Brown Christmas, A, Rivers and Tides, Zeitgeist: Moving Forward"""
"465,""Mulholland Dr., Come and See (Idi i smotri), Last Detail, The, Jetï¿½ï¿½e, La, The Ar"""
"466,""Saving Face, Woman Under the Influence, A, Zeitgeist: Moving Forward, Connections, Summer's Tale, A (Conte d'ï¿½ï¿½"""
"467,""The Artist, Killing Fields, The, Little Big Man, Neon Genesis Evangelion: Death & Rebirth (Shin seiki Evangelion Gekijï¿½ï¿½-ban: Shito shinsei), Swept Away (Travolti da un insolito destino nell'azzurro mare d'Ago"""
"468,""Come and See (Idi i smotri), The Big Bus, Seve, Victory (a.k.a. Escape to Victory), Jezebel"""
"469,""Mulholland Dr., Trial, The (Procï¿½ï¿½s, Le), Dragon Ball Z: The History of Trunks (Doragon bï¿½ï¿½ru Z: Zetsubï¿½ï¿½ e no hankï¿½ï¿½!! Nokosareta chï¿½ï¿½ senshi - Gohan to Torankusu), Five Eas"""
"470,""Saving Face, Last Detail, The, Dangerous Beauty, The Big Bus, Victory (a.k.a. Escape to Victory)"""
"471,""Last Detail, The, Mulholland Dr., The Artist, Saving Face, Come and See (Idi i smotri)"""
"472,""Senna, Reign Over Me, Louis C.K.: Shameless, Inside Job, Doctor Who: The Doctor, the Widow and the Wardrobe"""
"473,""Play Time (a.k.a. Playtime), Mulholland Dr., Last Detail, The, Captain Fantastic, Wristcutters: A Love Story"""
"474,""Lady Jane, Adam's Rib, Babette's Feast (Babettes gï¿½ï¿½stebud), Safety Last!, Come and See (Idi i smo"""
"475,""Play Time (a.k.a. Playtime), Ivan's Childhood (a.k.a. My Name is Ivan) (Ivanovo detstvo), Zeitgeist: Moving Forward, Connections, Summer's Tale, A (Conte d'ï¿½ï¿½"""
"476,""Saving Face, Three Billboards Outside Ebbing, Missouri, The Big Bus, Seve, Victory (a.k.a. Escape to Victory)"""
"477,""Mulholland Dr., Saving Face, Play Time (a.k.a. Playtime), , Battleship Potemkin"""
"478,""Play Time (a.k.a. Playtime), Zeitgeist: Moving Forward, Connections, Summer's Tale, A (Conte d'ï¿½ï¿½tï¿½ï¿½), Woman Under the Infl"""
"479,""Fury, Come and See (Idi i smotri), Jetï¿½ï¿½e, La, World of Tomorrow, Match Factory Girl, The (Tulitikkutehtaan tyt"""
"480,""Play Time (a.k.a. Playtime), Rivers and Tides, Baraka, Gigantic (A Tale of Two Johns), Schindler's List"""
"481,""Senna, Half Nelson, Three Billboards Outside Ebbing, Missouri, Reign Over Me, Manchurian Candidate, The"""
"482,""Ivan's Childhood (a.k.a. My Name is Ivan) (Ivanovo detstvo), Dune, Taxi 2, Goods: Live Hard, Sell Hard, The, Once"""
"483,""Mulholland Dr., Saving Face, Emma, Come and See (Idi i smotri), Jetï¿½ï¿½e"""
"484,""Submarine, Gigantic (A Tale of Two Johns), Jezebel, The Big Bus, Seve"""
"485,""Magnum Force, Glory Road, Prizzi's Honor, How the Grinch Stole Christmas!, Ted 2"""
"486,""Waydowntown, Saving Face, Woman Under the Influence, A, Zeitgeist: Moving Forward, Connections"""
"487,""Rivers and Tides, Baraka, The Big Bus, Victory (a.k.a. Escape to Victory), Seve"""
"488,""Waydowntown, Let It Ride, North & South, Adam's Rib, Saving Face"""
"489,""Jetï¿½ï¿½e, La, Fury, Come and See (Idi i smotri), Wages of Fear, The (Salaire de la peur, Le), World of Tomo"""
"490,""Come and See (Idi i smotri), Jetï¿½ï¿½e, La, The Artist, Mulholland Dr., Dragon Ball Z: The History of Trunks (Doragon bï¿½ï¿½ru Z: Zetsubï¿½ï¿½ e no hankï¿½ï¿½!! Nokosareta chï¿½ï¿½ senshi -"""
"491,""Play Time (a.k.a. Playtime), Ivan's Childhood (a.k.a. My Name is Ivan) (Ivanovo detstvo), Last Detail, The, Glory Road, Zeitgeist: Moving Forward"""
"492,""Bad Lieutenant, Truly, Madly, Deeply, It's Kind of a Funny Story, Center of the World, The, Pirate Radio"""
"493,""Supercop 2 (Project S) (Chao ji ji hua), Producers, The, Game of Death, Fist of Fury (Chinese Connection, The) (Jing wu men), Three Billboards Outside Ebbing, Missouri"""
"494,""Mulholland Dr., Dragon Ball Z: The History of Trunks (Doragon bï¿½ï¿½ru Z: Zetsubï¿½ï¿½ e no hankï¿½ï¿½!! Nokosareta chï¿½ï¿½ senshi - Gohan to Torankusu), Paths of Glory, Neon Genesis Evangelion: The End of Evangelion (Shin seiki Evangelion Gekijï¿½ï¿½-ban: Air/Magokoro wo, kimi ni), Louis C.K.: Live a"""
"495,""Three Billboards Outside Ebbing, Missouri, Mulholland Dr., Come and See (Idi i smotri), Saving Face, Last Detail, The"""
"496,""Come and See (Idi i smotri), Jetï¿½ï¿½e, La, World of Tomorrow, Gallipoli, Separation, A (Jodaeiye Nader az Si"""
"497,""Come and See (Idi i smotri), Naked, The Artist, Incendies, Jetï¿½ï¿½e"""
"498,""Saving Face, Sausage Party, Adam's Rib, Moby Dick, Louis C.K.: Chewed Up"""
"499,""Mulholland Dr., Stalker, Bridge on the River Kwai, The, Come and See (Idi i smotri), Dragon Ball Z: The History of Trunks (Doragon bï¿½ï¿½ru Z: Zetsubï¿½ï¿½ e no hankï¿½ï¿½!! Nokosareta chï¿½ï¿½ senshi - Goh"""
"500,""The Artist, Once, Mulholland Dr., Emma, Visitor, The"""
"501,""Center of the World, The, Ivan's Childhood (a.k.a. My Name is Ivan) (Ivanovo detstvo), I Am Sam, Pirate Radio, Connections"""
"502,""Opera, Come and See (Idi i smotri), Troll 2, Tale of Two Sisters, A (Janghwa, Hongryeon), Nausicaï¿½ï¿½ of the Valley of the Wind (Kaze no tani no Naush"""
"503,""Reign Over Me, My Man Godfrey, Mean Streets, My Own Private Idaho, Trial, The (Procï¿½ï¿½s,"""
"504,""Saving Face, Mulholland Dr., Last Detail, The, Zeitgeist: Moving Forward, Connections"""
"505,""Tale of Two Sisters, A (Janghwa, Hongryeon), Come and See (Idi i smotri), Opera, Bullet in the Head, Gallipoli"""
"506,""Buffalo '66 (a.k.a. Buffalo 66), Wages of Fear, The (Salaire de la peur, Le), Come and See (Idi i smotri), Fury, World of Tomorrow"""
"507,""Wallace & Gromit: The Best of Aardman Animation, Saving Face, The Big Bus, Seve, Victory (a.k.a. Escape to Victory)"""
"508,""Play Time (a.k.a. Playtime), Muppets From Space, Glory Road, Horse Whisperer, The, Polar Express, The"""
"509,""Saving Face, Come and See (Idi i smotri), North & South, Last Detail, The, Mulholland Dr."""
"510,""Producers, The, Senna, Hustler, The, Grand Day Out with Wallace and Gromit, A, 12 Angry Men"""
"511,""Mulholland Dr., Last Detail, The, Saving Face, Three Billboards Outside Ebbing, Missouri, """
"512,""Come and See (Idi i smotri), Jetï¿½ï¿½e, La, Mulholland Dr., World of Tomorrow, The Big"""
"513,""The Artist, Grand Day Out with Wallace and Gromit, A, The Big Bus, Victory (a.k.a. Escape to Victory), Seve"""
"514,""The Big Bus, Seve, Victory (a.k.a. Escape to Victory), Saving Face, Mulholland Dr."""
"515,""Saving Face, Last Detail, The, Mulholland Dr., Zeitgeist: Moving Forward, Connections"""
"516,""Moby Dick, The Big Bus, Seve, Victory (a.k.a. Escape to Victory), Outlaw Josey Wales, The"""
"517,""Dying Young, Antonia's Line (Antonia), Heart and Souls, Holiday Inn, Doctor Who: The Time of the Doctor"""
"518,""The Jinx: The Life and Deaths of Robert Durst, Saving Face, Louis C.K.: Shameless, Bang, Bang, You're Dead, The Adventures of Sherlock Holmes and Doctor Watson: King of Blackmailers"""
"519,""Last Detail, The, Three Billboards Outside Ebbing, Missouri, Zeitgeist: Moving Forward, Connections, Summer's Tale, A (Conte d'ï¿½ï¿½"""
"520,""Saving Face, Come and See (Idi i smotri), North & South, Jetï¿½ï¿½e, La, Subma"""
"521,""Adam's Rib, Last Detail, The, Guess Who's Coming to Dinner, Dangerous Beauty, Mr. Skeffington"""
"522,""Once, Mulholland Dr., The Artist, Emma, Saving Face"""
"523,""Play Time (a.k.a. Playtime), Zeitgeist: Moving Forward, Connections, Summer's Tale, A (Conte d'ï¿½ï¿½tï¿½ï¿½), Woman Under the Infl"""
"524,""Grand Day Out with Wallace and Gromit, A, Mulholland Dr., Game of Death, Kelly's Heroes, Charlie Brown Christmas, A"""
"525,""Saving Face, Come and See (Idi i smotri), Mulholland Dr., Last Detail, The, Jetï¿½ï¿½e"""
"526,""Rivers and Tides, Mulholland Dr., Baraka, All Watched Over by Machines of Loving Grace, Stunt Man, The"""
"527,""Senna, Saving Face, Louis C.K.: Shameless, Zeitgeist: Moving Forward, Connections"""
"528,""Elite Squad: The Enemy Within (Tropa de Elite 2 - O Inimigo Agora ï¿½ï¿½ Outro), Three Billboards Outside Ebbing, Missouri, Elite Squad (Tropa de Elite), Center of the World, The, Alien Na"""
"529,""Three Billboards Outside Ebbing, Missouri, Last Detail, The, Wild Bunch, The, Split, I, the Jury"""
"530,""Last Detail, The, Three Billboards Outside Ebbing, Missouri, Adam's Rib, Rivers and Tides, Play Time (a.k.a. Playtime)"""
"531,""Let It Ride, Waydowntown, Enemy Mine, Monster House, Dunkirk"""
"532,""Zeitgeist: Moving Forward, Connections, Summer's Tale, A (Conte d'ï¿½ï¿½tï¿½ï¿½), Woman Under the Influence, A, Human Condition III, The (Ningen no jo"""
"533,""Last Detail, The, Center of the World, The, Woman Under the Influence, A, Zeitgeist: Moving Forward, Connections"""
"534,""Saving Face, Center of the World, The, Last Detail, The, Zeitgeist: Moving Forward, Connections"""
"535,""Stalker, Dragon Ball Z: The History of Trunks (Doragon bï¿½ï¿½ru Z: Zetsubï¿½ï¿½ e no hankï¿½ï¿½!! Nokosareta chï¿½ï¿½ senshi - Gohan to Torankusu), The Artist, Captain Fantastic"""
"536,""Pollyanna, Dragon Ball Z the Movie: The Tree of Might (Doragon bï¿½ï¿½ru Z 3: Chikyï¿½ï¿½ marugoto chï¿½ï¿½ kessen), My Own Private Idaho, Dallas Buyers Club, Three Billboards Outside Ebbi"""
"537,""Play Time (a.k.a. Playtime), Ivan's Childhood (a.k.a. My Name is Ivan) (Ivanovo detstvo), Truly, Madly, Deeply, Dune, Punisher, The"""
"538,""Submarine, Come and See (Idi i smotri), Buffalo '66 (a.k.a. Buffalo 66), Doctor Who: The Time of the Doctor, Saving Face"""
"539,""Submarine, Doctor Who: The Time of the Doctor, Day of the Doctor, The, Saving Face, Waydowntown"""
"540,""Mulholland Dr., Summer's Tale, A (Conte d'ï¿½ï¿½tï¿½ï¿½), Woman Under the Influence, A, Zeitgeist: Moving Forward, Con"""
"541,""Last Detail, The, Thief, Charlie Brown Christmas, A, Dangerous Beauty, Hamlet"""
"542,""Wallace & Gromit: The Best of Aardman Animation, Play Time (a.k.a. Playtime), Last Detail, The, Cinema Paradiso (Nuovo cinema Paradiso), Polar Express, The"""
"543,""Jezebel, Hello, Dolly!, Muppets From Space, Submarine, Presumed Innocent"""
"544,""Submarine, Doctor Who: The Time of the Doctor, Saving Face, North & South, Day of the Doctor, The"""
"545,""Last Detail, The, Saving Face, Zeitgeist: Moving Forward, Connections, Summer's Tale, A (Conte d'ï¿½ï¿½"""
"546,""Troll 2, Fist of Legend (Jing wu ying xiong), Dune, Once, Joy Ride"""
"547,""Hustler, The, Harold and Maude, Tale of Two Sisters, A (Janghwa, Hongryeon), Opera, Troll 2"""
"548,""Play Time (a.k.a. Playtime), Ivan's Childhood (a.k.a. My Name is Ivan) (Ivanovo detstvo), Center of the World, The, Zeitgeist: Moving Forward, Connections"""
"549,""Black Dynamite, Emma, Dune, Louis C.K.: Shameless, Center of the World, The"""
"550,""Saving Face, Come and See (Idi i smotri), Mulholland Dr., North & South, Submarine"""
"551,""Waydowntown, Last Detail, The, Miss Sloane, Bourne Identity, The, King of Kong, The"""
"552,""Mulholland Dr., The Artist, Jetï¿½ï¿½e, La, Come and See (Idi i smotri), Dragon Ball Z: The History of Trunks (Doragon bï¿½ï¿½ru Z: Zetsubï¿½ï¿½ e no hankï¿½ï¿½!! Nokosareta chï¿½ï¿½ senshi -"""
"553,""Mulholland Dr., Last Detail, The, Woman Under the Influence, A, Zeitgeist: Moving Forward, Connections"""
"554,""Pirate Radio, It's Kind of a Funny Story, Last Detail, The, Split, Center of the World, The"""
"555,""The Jinx: The Life and Deaths of Robert Durst, Reign Over Me, Senna, My Sassy Girl (Yeopgijeogin geunyeo), Moby Dick"""
"556,""Dune, Once, Saving Face, Black Dynamite, Waydowntown"""
"557,""Glory Road, Hello, Dolly!, She's Out of My League, Jezebel, Sausage Party"""
"558,""Truly, Madly, Deeply, Lady Jane, Pirate Radio, Safety Last!, Stranger Than Paradise"""
"559,""Last Detail, The, Mulholland Dr., The Artist, Saving Face, Adam's Rib"""
"560,""Mulholland Dr., Woman Under the Influence, A, Zeitgeist: Moving Forward, Connections, Summer's Tale, A (Conte d'ï¿½ï¿½"""
"561,""Mulholland Dr., Saving Face, Senna, The Big Bus, Victory (a.k.a. Escape to Victory)"""
"562,""Last Detail, The, Saving Face, Zeitgeist: Moving Forward, Connections, Summer's Tale, A (Conte d'ï¿½ï¿½"""
"563,""Last Detail, The, Hello, Dolly!, Jezebel, Saving Face, Come and See (Idi i smotri)"""
"564,""Stranger Than Paradise, Submarine, Dune, Doctor Who: The Time of the Doctor, The Wedding Ringer"""
"565,""Mulholland Dr., Play Time (a.k.a. Playtime), Last Detail, The, Saving Face, """
"566,""Last Detail, The, 12 Angry Men, Mr. Skeffington, Come and See (Idi i smotri), Adam's Rib"""
"567,""Match Factory Girl, The (Tulitikkutehtaan tyttï¿½ï¿½), Come and See (Idi i smotri), Jetï¿½ï¿½e, La, World of Tomorr"""
"568,""The Big Bus, Victory (a.k.a. Escape to Victory), Seve, Come and See (Idi i smotri), All Watched Over by Machines of Loving Grace"""
"569,""Center of the World, The, Woman Under the Influence, A, Zeitgeist: Moving Forward, Connections, Summer's Tale, A (Conte d'ï¿½ï¿½"""
"570,""Last Detail, The, Saving Face, Summer's Tale, A (Conte d'ï¿½ï¿½tï¿½ï¿½), Woman Under the Influence, A, Zeitgeist: Moving"""
"571,""Troll 2, Opera, Hustler, The, Tale of Two Sisters, A (Janghwa, Hongryeon), Senna"""
"572,""The Artist, Mulholland Dr., Last Detail, The, Trial, The (Procï¿½ï¿½s, Le), Wallace & Gromit: The Best of Aardman Anima"""
"573,""Saving Face, Submarine, The Big Bus, Victory (a.k.a. Escape to Victory), Seve"""
"574,""Three Billboards Outside Ebbing, Missouri, Reign Over Me, Sausage Party, Senna, The Jinx: The Life and Deaths of Robert Durst"""
"575,""Play Time (a.k.a. Playtime), Stranger Than Paradise, Akira, Calendar Girl, The Jinx: The Life and Deaths of Robert Durst"""
"576,""Dune, Booty Call, Dawn of the Dead, Once, Visitor, The"""
"577,""The Big Bus, Victory (a.k.a. Escape to Victory), Seve, Last Detail, The, Gigantic (A Tale of Two Johns)"""
"578,""Last Detail, The, Saving Face, Wallace & Gromit: The Best of Aardman Animation, North & South, Waydowntown"""
"579,""Adam's Rib, Come and See (Idi i smotri), Captain Phillips, Lady Jane, The Big Bus"""
"580,""Play Time (a.k.a. Playtime), Ivan's Childhood (a.k.a. My Name is Ivan) (Ivanovo detstvo), Zeitgeist: Moving Forward, Connections, Summer's Tale, A (Conte d'ï¿½ï¿½"""
"581,""Saving Face, Last Detail, The, Adam's Rib, North & South, Mulholland Dr."""
"582,""Saving Face, Last Detail, The, North & South, Come and See (Idi i smotri), Mulholland Dr."""
"583,""Come and See (Idi i smotri), Saving Face, Wages of Fear, The (Salaire de la peur, Le), Jetï¿½ï¿½e, La, """
"584,""Glory Road, Last Detail, The, Thief, Magnum Force, Ivan's Childhood (a.k.a. My Name is Ivan) (Ivanovo detstvo)"""
"585,""The Big Bus, Victory (a.k.a. Escape to Victory), Seve, Three Billboards Outside Ebbing, Missouri, Saving Face"""
"586,""Saving Face, Louis C.K.: Chewed Up, Louis C.K.: Shameless, Waydowntown, Submarine"""
"587,""Last Detail, The, Saving Face, Jackass 2.5, Wallace & Gromit: The Best of Aardman Animation, Summer's Tale, A (Conte d'ï¿½ï¿½"""
"588,""Mulholland Dr., Hustler, The, Three Billboards Outside Ebbing, Missouri, Paths of Glory, Senna"""
"589,""Adam's Rib, Guess Who's Coming to Dinner, Saving Face, Last Detail, The, Lady Jane"""
"590,""Mulholland Dr., Saving Face, Come and See (Idi i smotri), The Big Bus, Victory (a.k.a. Escape to Victory)"""
"591,""Once, Dune, Saving Face, Submarine, Day of the Doctor, The"""
"592,""The Big Bus, Seve, Victory (a.k.a. Escape to Victory), Adam's Rib, Three Billboards Outside Ebbing, Missouri"""
"593,""The Artist, Neon Genesis Evangelion: Death & Rebirth (Shin seiki Evangelion Gekijï¿½ï¿½-ban: Shito shinsei), Mulholland Dr., Dragon Ball Z: The History of Trunks (Doragon bï¿½ï¿½ru Z: Zetsubï¿½ï¿½ e no hankï¿½ï¿½!! Nokosareta chï¿½ï¿½ senshi - Gohan to To"""
"594,""Glory Road, Last Detail, The, Hello, Dolly!, Thief, She's Out of My League"""
"595,""Come and See (Idi i smotri), Jetï¿½ï¿½e, La, Hustler, The, World of Tomorrow, The Big"""
"596,""Saving Face, Mulholland Dr., Come and See (Idi i smotri), Last Detail, The, North & South"""
"597,""The Big Bus, Victory (a.k.a. Escape to Victory), Seve, Hustler, The, Trial, The (Procï¿½ï¿½s,"""
"598,""Louis C.K.: Shameless, Great Beauty, The (Grande Bellezza, La), Grey, The, The Last Witch Hunter, Louis C.K.: Chewed Up"""
"599,""Mulholland Dr., The Artist, Dragon Ball Z: The History of Trunks (Doragon bï¿½ï¿½ru Z: Zetsubï¿½ï¿½ e no hankï¿½ï¿½!! Nokosareta chï¿½ï¿½ senshi - Gohan to Torankusu"""
"600,""Unfaithfully Yours, Buffalo '66 (a.k.a. Buffalo 66), Come and See (Idi i smotri), Three Colors: Red (Trois couleurs: Rouge), Dead Alive (Braindead)"""
"601,""Saving Face, Mulholland Dr., Last Detail, The, Zeitgeist: Moving Forward, Connections"""
"602,""Come and See (Idi i smotri), The Big Bus, Seve, Victory (a.k.a. Escape to Victory), Jetï¿½ï¿½e"""
"603,""Come and See (Idi i smotri), Jetï¿½ï¿½e, La, World of Tomorrow, Match Factory Girl, The (Tulitikkutehtaan tyttï¿½ï¿½), Andalusian Dog, An (Chien anda"""
"604,""Last Detail, The, Funny Games U.S., Incendies, Center of the World, The, Phantom of the Paradise"""
"605,""Waydowntown, Saving Face, Once, Anne of Green Gables: The Sequel (a.k.a. Anne of Avonlea), North & South"""
"606,""Come and See (Idi i smotri), Best of Youth, The (La meglio gioventï¿½ï¿½), Last Detail, The, Chungking Express (Chung Hing sam lam), Trial, The (Procï¿½ï"""
"607,""Three Billboards Outside Ebbing, Missouri, Last Detail, The, Magnum Force, Half Nelson, Senna"""
"608,""Play Time (a.k.a. Playtime), Emma, Waydowntown, Truly, Madly, Deeply, Elite Squad: The Enemy Within (Tropa de Elite 2 - O Inimigo Agora ï¿½ï¿½ Ou"""
"609,""Come and See (Idi i smotri), The Big Bus, Victory (a.k.a. Escape to Victory), Seve, Saving Face"""
"610,""Mulholland Dr., Come and See (Idi i smotri), Saving Face, Jetï¿½ï¿½e, """
